﻿<?xml version="1.0" encoding="utf-8"?>
<EquipmentList>
  <Equipment article="RBZ-337602" type="Equipment" сurConsump12Standby="0.1" сurConsump12Alarm="0.1" voltage="12" isInSpec="true" positType="noaddress" schmEqGroupName="УОО-ТЛ" ugoName="RC-UGO-MS-12" schemeName="RC-TSP-RUBEZH-UOO-TL" units="шт." сurConsump24Standby="0" сurConsump24Alarm="0" websiteURL="http://td.rubezh.ru/products/detail.php?ID=5810" handle="357#134502013" positName="A1" positText="A" cablingHeight="3" mountingHeight="2" dwgId="2099619938" predFact="" аdditionalInfo="" akbInf="">
    <ports count="4">
      <port name="Пит" supportedLsType="power12" lsName="" />
      <port name="RS-485" supportedLsType="interface_485" lsName="" />
      <port name="Тел1" supportedLsType="control" lsName="" />
      <port name="Тел2" supportedLsType="control" lsName="" />
    </ports>
  </Equipment>
</EquipmentList>