﻿<?xml version="1.0" encoding="utf-8"?>
<EquipmentList>
  <Equipment article="RBZ-337473" type="Equipment" isInSpec="true" positType="address" schmEqGroupName="ИП212-64 прот.R3" ugoName="RC-UGO-IDTA-01" schemeName="RC-TSP-RUBEZH-IP-212-64" units="шт." addressCnt="1" replGrpId="5" websiteURL="http://td.rubezh.ru/products/detail.php?ID=5772" сurConsumpAlsStandby="0.0002" сurConsumpAlsAlarm="0.0002" handle="259#1102042" positName="xBTHy.z" positText="BTH" cablingHeight="30" mountingHeight="2" dwgId="2099619938" predFact="" FrAlrmZoneNum="" аdditionalInfo="" akbInf="">
    <ports count="1">
      <port name="АЛС" supportedLsType="address" lsName="" />
    </ports>
  </Equipment>
  <Equipment article="RBZ-092565" type="Equipment" сurConsump12Standby="0.583" сurConsump12Alarm="0.583" voltage="12/24" isInSpec="true" positType="noaddress" schmEqGroupName="Рубеж-БИУ" ugoName="RC-UGO-BKI-02" schemeName="RC-TSP-RUBEZH-BI" units="шт." replGrpId="4" сurConsump24Standby="0.292" сurConsump24Alarm="0.292" websiteURL="http://td.rubezh.ru/products/detail.php?ID=5779" handle="223#110150011" positName="BI1" positText="BI" cablingHeight="1.5" mountingHeight="1.5" dwgId="2099619938" predFact="" аdditionalInfo="" akbInf="">
    <ports count="4">
      <port name="RS1" supportedLsType="interface_485" lsName="" />
      <port name="USB" supportedLsType="interface_usb" lsName="" />
      <port name="Пит1" supportedLsType="power12" lsName="" />
      <port name="Пит2" supportedLsType="power12" lsName="" />
    </ports>
  </Equipment>
</EquipmentList>