﻿<?xml version="1.0" encoding="utf-8"?>
<Cables reserve="10" version="1.6">
  <Cable id="0" name="Неизвестный кабель" brand="" standard="" article="" manufacturer="" units="м" weight="" groupCount="" coresCount="" crossSectionCable="" crossSectionCore="" />
  <Cable id="29" name="Кабель симметричный парной скрутки, сеч. 1x2x0.2" brand="КПСнг(А)–FRLS" standard="" article="" manufacturer="ООО &quot;ПожТехКабель&quot;" units="м" weight="" groupCount="1" coresCount="2" crossSectionCable="" crossSectionCore="0.2" />
  <Cable id="30" name="Кабель симметричный парной скрутки, сеч. 1x2x0.35" brand="КПСнг(А)–FRLS" standard="" article="" manufacturer="ООО &quot;ПожТехКабель&quot;" units="м" weight="" groupCount="1" coresCount="2" crossSectionCable="" crossSectionCore="0.35" />
  <Cable id="31" name="Кабель симметричный парной скрутки, сеч. 1x2x0.5" brand="КПСнг(А)–FRLS" standard="" article="" manufacturer="ООО &quot;ПожТехКабель&quot;" units="м" weight="" groupCount="1" coresCount="2" crossSectionCable="" crossSectionCore="0.5" />
  <Cable id="32" name="Кабель симметричный парной скрутки, сеч. 1x2x0.75" brand="КПСнг(А)–FRLS" standard="" article="" manufacturer="ООО &quot;ПожТехКабель&quot;" units="м" weight="" groupCount="1" coresCount="2" crossSectionCable="" crossSectionCore="0.75" />
  <Cable id="33" name="Кабель симметричный парной скрутки, сеч. 1x2x1" brand="КПСнг(А)–FRLS" standard="" article="" manufacturer="ООО &quot;ПожТехКабель&quot;" units="м" weight="" groupCount="1" coresCount="2" crossSectionCable="" crossSectionCore="1" />
  <Cable id="34" name="Кабель симметричный парной скрутки, сеч. 1x2x1.5" brand="КПСнг(А)–FRLS" standard="" article="" manufacturer="ООО &quot;ПожТехКабель&quot;" units="м" weight="" groupCount="1" coresCount="2" crossSectionCable="" crossSectionCore="1.5" />
  <Cable id="35" name="Кабель симметричный парной скрутки, сеч. 1x2x2.5" brand="КПСнг(А)–FRLS" standard="" article="" manufacturer="ООО &quot;ПожТехКабель&quot;" units="м" weight="" groupCount="1" coresCount="2" crossSectionCable="" crossSectionCore="2.5" />
  <Cable id="36" name="Кабель симметричный парной скрутки, сеч. 2x2x0.2" brand="КПСнг(А)–FRLS" standard="" article="" manufacturer="ООО &quot;ПожТехКабель&quot;" units="м" weight="" groupCount="2" coresCount="2" crossSectionCable="" crossSectionCore="0.2" />
  <Cable id="37" name="Кабель симметричный парной скрутки, сеч. 2x2x0.35" brand="КПСнг(А)–FRLS" standard="" article="" manufacturer="ООО &quot;ПожТехКабель&quot;" units="м" weight="" groupCount="2" coresCount="2" crossSectionCable="" crossSectionCore="0.35" />
  <Cable id="38" name="Кабель симметричный парной скрутки, сеч. 2x2x0.5" brand="КПСнг(А)–FRLS" standard="" article="" manufacturer="ООО &quot;ПожТехКабель&quot;" units="м" weight="" groupCount="2" coresCount="2" crossSectionCable="" crossSectionCore="0.5" />
  <Cable id="39" name="Кабель симметричный парной скрутки, сеч. 2x2x0.75" brand="КПСнг(А)–FRLS" standard="" article="" manufacturer="ООО &quot;ПожТехКабель&quot;" units="м" weight="" groupCount="2" coresCount="2" crossSectionCable="" crossSectionCore="0.75" />
  <Cable id="40" name="Кабель симметричный парной скрутки, сеч. 2x2x1" brand="КПСнг(А)–FRLS" standard="" article="" manufacturer="ООО &quot;ПожТехКабель&quot;" units="м" weight="" groupCount="2" coresCount="2" crossSectionCable="" crossSectionCore="1" />
  <Cable id="41" name="Кабель симметричный парной скрутки, сеч. 2x2x1.5" brand="КПСнг(А)–FRLS" standard="" article="" manufacturer="ООО &quot;ПожТехКабель&quot;" units="м" weight="" groupCount="2" coresCount="2" crossSectionCable="" crossSectionCore="1.5" />
  <Cable id="42" name="Кабель симметричный парной скрутки, сеч. 2x2x2.5" brand="КПСнг(А)–FRLS" standard="" article="" manufacturer="ООО &quot;ПожТехКабель&quot;" units="м" weight="" groupCount="2" coresCount="2" crossSectionCable="" crossSectionCore="2.5" />
  <Cable id="81" name="Кабель симметричный парной скрутки низкотоксичный, сеч. 1x2x0.2" brand="КПСнг(А)-FRLSLTx" standard="" article="" manufacturer="ООО &quot;ПожТехКабель&quot;" units="м" weight="" groupCount="1" coresCount="2" crossSectionCable="" crossSectionCore="0.2" />
  <Cable id="82" name="Кабель симметричный парной скрутки низкотоксичный, сеч. 1x2x0.35" brand="КПСнг(А)-FRLSLTx" standard="" article="" manufacturer="ООО &quot;ПожТехКабель&quot;" units="м" weight="" groupCount="1" coresCount="2" crossSectionCable="" crossSectionCore="0.35" />
  <Cable id="83" name="Кабель симметричный парной скрутки низкотоксичный, сеч. 1x2x0.5" brand="КПСнг(А)-FRLSLTx" standard="" article="" manufacturer="ООО &quot;ПожТехКабель&quot;" units="м" weight="" groupCount="1" coresCount="2" crossSectionCable="" crossSectionCore="0.5" />
  <Cable id="84" name="Кабель симметричный парной скрутки низкотоксичный, сеч. 1x2x0.75" brand="КПСнг(А)-FRLSLTx" standard="" article="" manufacturer="ООО &quot;ПожТехКабель&quot;" units="м" weight="" groupCount="1" coresCount="2" crossSectionCable="" crossSectionCore="0.75" />
  <Cable id="85" name="Кабель симметричный парной скрутки низкотоксичный, сеч. 1x2x1.0" brand="КПСнг(А)-FRLSLTx" standard="" article="" manufacturer="ООО &quot;ПожТехКабель&quot;" units="м" weight="" groupCount="1" coresCount="2" crossSectionCable="" crossSectionCore="1" />
  <Cable id="86" name="Кабель симметричный парной скрутки низкотоксичный, сеч. 1x2x1.5" brand="КПСнг(А)-FRLSLTx" standard="" article="" manufacturer="ООО &quot;ПожТехКабель&quot;" units="м" weight="" groupCount="1" coresCount="2" crossSectionCable="" crossSectionCore="1.5" />
  <Cable id="87" name="Кабель симметричный парной скрутки низкотоксичный, сеч. 2x2x0.2" brand="КПСнг(А)-FRLSLTx" standard="" article="" manufacturer="ООО &quot;ПожТехКабель&quot;" units="м" weight="" groupCount="2" coresCount="2" crossSectionCable="" crossSectionCore="0.2" />
  <Cable id="88" name="Кабель симметричный парной скрутки низкотоксичный, сеч. 2x2x0.35" brand="КПСнг(А)-FRLSLTx" standard="" article="" manufacturer="ООО &quot;ПожТехКабель&quot;" units="м" weight="" groupCount="2" coresCount="2" crossSectionCable="" crossSectionCore="0.35" />
  <Cable id="89" name="Кабель симметричный парной скрутки низкотоксичный, сеч. 2x2x0.5" brand="КПСнг(А)-FRLSLTx" standard="" article="" manufacturer="ООО &quot;ПожТехКабель&quot;" units="м" weight="" groupCount="2" coresCount="2" crossSectionCable="" crossSectionCore="0.5" />
  <Cable id="90" name="Кабель симметричный парной скрутки низкотоксичный, сеч. 2x2x0.75" brand="КПСнг(А)-FRLSLTx" standard="" article="" manufacturer="ООО &quot;ПожТехКабель&quot;" units="м" weight="" groupCount="2" coresCount="2" crossSectionCable="" crossSectionCore="0.75" />
  <Cable id="91" name="Кабель симметричный парной скрутки низкотоксичный, сеч. 2x2x1.0" brand="КПСнг(А)-FRLSLTx" standard="" article="" manufacturer="ООО &quot;ПожТехКабель&quot;" units="м" weight="" groupCount="2" coresCount="2" crossSectionCable="" crossSectionCore="1" />
  <Cable id="92" name="Кабель симметричный парной скрутки низкотоксичный, сеч. 2x2x1.5" brand="КПСнг(А)-FRLSLTx" standard="" article="" manufacturer="ООО &quot;ПожТехКабель&quot;" units="м" weight="" groupCount="2" coresCount="2" crossSectionCable="" crossSectionCore="1.5" />
  <Cable id="93" name="Кабель симметричный парной скрутки со слюдой низкотоксичный, сеч. 1x2x0.2" brand="КПССнг(А)-FRLSLTx" standard="" article="" manufacturer="ООО &quot;ПожТехКабель&quot;" units="м" weight="" groupCount="1" coresCount="2" crossSectionCable="" crossSectionCore="0.2" />
  <Cable id="94" name="Кабель симметричный парной скрутки со слюдой низкотоксичный, сеч. 1x2x0.35" brand="КПССнг(А)-FRLSLTx" standard="" article="" manufacturer="ООО &quot;ПожТехКабель&quot;" units="м" weight="" groupCount="1" coresCount="2" crossSectionCable="" crossSectionCore="0.35" />
  <Cable id="95" name="Кабель симметричный парной скрутки со слюдой низкотоксичный, сеч. 1x2x0.5" brand="КПССнг(А)-FRLSLTx" standard="" article="" manufacturer="ООО &quot;ПожТехКабель&quot;" units="м" weight="" groupCount="1" coresCount="2" crossSectionCable="" crossSectionCore="0.5" />
  <Cable id="96" name="Кабель симметричный парной скрутки со слюдой низкотоксичный, сеч. 1x2x0.75" brand="КПССнг(А)-FRLSLTx" standard="" article="" manufacturer="ООО &quot;ПожТехКабель&quot;" units="м" weight="" groupCount="1" coresCount="2" crossSectionCable="" crossSectionCore="0.75" />
  <Cable id="97" name="Кабель симметричный парной скрутки со слюдой низкотоксичный, сеч. 1x2x1.0" brand="КПССнг(А)-FRLSLTx" standard="" article="" manufacturer="ООО &quot;ПожТехКабель&quot;" units="м" weight="" groupCount="1" coresCount="2" crossSectionCable="" crossSectionCore="1" />
  <Cable id="98" name="Кабель симметричный парной скрутки со слюдой низкотоксичный, сеч. 1x2x1.5" brand="КПССнг(А)-FRLSLTx" standard="" article="" manufacturer="ООО &quot;ПожТехКабель&quot;" units="м" weight="" groupCount="1" coresCount="2" crossSectionCable="" crossSectionCore="1.5" />
  <Cable id="99" name="Кабель симметричный парной скрутки со слюдой низкотоксичный, сеч. 2x2x0.2" brand="КПССнг(А)-FRLSLTx" standard="" article="" manufacturer="ООО &quot;ПожТехКабель&quot;" units="м" weight="" groupCount="2" coresCount="2" crossSectionCable="" crossSectionCore="0.2" />
  <Cable id="100" name="Кабель симметричный парной скрутки со слюдой низкотоксичный, сеч. 2x2x0.35" brand="КПССнг(А)-FRLSLTx" standard="" article="" manufacturer="ООО &quot;ПожТехКабель&quot;" units="м" weight="" groupCount="2" coresCount="2" crossSectionCable="" crossSectionCore="0.35" />
  <Cable id="101" name="Кабель симметричный парной скрутки со слюдой низкотоксичный, сеч. 2x2x0.5" brand="КПССнг(А)-FRLSLTx" standard="" article="" manufacturer="ООО &quot;ПожТехКабель&quot;" units="м" weight="" groupCount="2" coresCount="2" crossSectionCable="" crossSectionCore="0.5" />
  <Cable id="102" name="Кабель симметричный парной скрутки со слюдой низкотоксичный, сеч. 2x2x0.75" brand="КПССнг(А)-FRLSLTx" standard="" article="" manufacturer="ООО &quot;ПожТехКабель&quot;" units="м" weight="" groupCount="2" coresCount="2" crossSectionCable="" crossSectionCore="0.75" />
  <Cable id="103" name="Кабель симметричный парной скрутки со слюдой низкотоксичный, сеч. 2x2x1.0" brand="КПССнг(А)-FRLSLTx" standard="" article="" manufacturer="ООО &quot;ПожТехКабель&quot;" units="м" weight="" groupCount="2" coresCount="2" crossSectionCable="" crossSectionCore="1" />
  <Cable id="104" name="Кабель симметричный парной скрутки со слюдой низкотоксичный, сеч. 2x2x1.5" brand="КПССнг(А)-FRLSLTx" standard="" article="" manufacturer="ООО &quot;ПожТехКабель&quot;" units="м" weight="" groupCount="2" coresCount="2" crossSectionCable="" crossSectionCore="1.5" />
  <Cable id="43" name="Кабель симметричный парной скрутки экранированный, сеч. 1x2x0.2" brand="КПСЭнг(А)–FRLS" standard="" article="" manufacturer="ООО &quot;ПожТехКабель&quot;" units="м" weight="" groupCount="1" coresCount="2" crossSectionCable="" crossSectionCore="0.2" />
  <Cable id="44" name="Кабель симметричный парной скрутки экранированный, сеч. 1x2x0.35" brand="КПСЭнг(А)–FRLS" standard="" article="" manufacturer="ООО &quot;ПожТехКабель&quot;" units="м" weight="" groupCount="1" coresCount="2" crossSectionCable="" crossSectionCore="0.35" />
  <Cable id="45" name="Кабель симметричный парной скрутки экранированный, сеч. 1x2x0.5" brand="КПСЭнг(А)–FRLS" standard="" article="" manufacturer="ООО &quot;ПожТехКабель&quot;" units="м" weight="" groupCount="1" coresCount="2" crossSectionCable="" crossSectionCore="0.5" />
  <Cable id="46" name="Кабель симметричный парной скрутки экранированный, сеч. 1x2x0.75" brand="КПСЭнг(А)–FRLS" standard="" article="" manufacturer="ООО &quot;ПожТехКабель&quot;" units="м" weight="" groupCount="1" coresCount="2" crossSectionCable="" crossSectionCore="0.75" />
  <Cable id="47" name="Кабель симметричный парной скрутки экранированный, сеч. 1x2x1" brand="КПСЭнг(А)–FRLS" standard="" article="" manufacturer="ООО &quot;ПожТехКабель&quot;" units="м" weight="" groupCount="1" coresCount="2" crossSectionCable="" crossSectionCore="1" />
  <Cable id="48" name="Кабель симметричный парной скрутки экранированный, сеч. 1x2x1.5" brand="КПСЭнг(А)–FRLS" standard="" article="" manufacturer="ООО &quot;ПожТехКабель&quot;" units="м" weight="" groupCount="1" coresCount="2" crossSectionCable="" crossSectionCore="1.5" />
  <Cable id="49" name="Кабель симметричный парной скрутки экранированный, сеч. 1x2x2.5" brand="КПСЭнг(А)–FRLS" standard="" article="" manufacturer="ООО &quot;ПожТехКабель&quot;" units="м" weight="" groupCount="1" coresCount="2" crossSectionCable="" crossSectionCore="2.5" />
  <Cable id="50" name="Кабель симметричный парной скрутки экранированный, сеч. 2x2x0.2" brand="КПСЭнг(А)–FRLS" standard="" article="" manufacturer="ООО &quot;ПожТехКабель&quot;" units="м" weight="" groupCount="2" coresCount="2" crossSectionCable="" crossSectionCore="0.2" />
  <Cable id="51" name="Кабель симметричный парной скрутки экранированный, сеч. 2x2x0.35" brand="КПСЭнг(А)–FRLS" standard="" article="" manufacturer="ООО &quot;ПожТехКабель&quot;" units="м" weight="" groupCount="2" coresCount="2" crossSectionCable="" crossSectionCore="0.35" />
  <Cable id="52" name="Кабель симметричный парной скрутки экранированный, сеч. 2x2x0.5" brand="КПСЭнг(А)–FRLS" standard="" article="" manufacturer="ООО &quot;ПожТехКабель&quot;" units="м" weight="" groupCount="2" coresCount="2" crossSectionCable="" crossSectionCore="0.5" />
  <Cable id="53" name="Кабель симметричный парной скрутки экранированный, сеч. 2x2x0.75" brand="КПСЭнг(А)–FRLS" standard="" article="" manufacturer="ООО &quot;ПожТехКабель&quot;" units="м" weight="" groupCount="2" coresCount="2" crossSectionCable="" crossSectionCore="0.75" />
  <Cable id="54" name="Кабель симметричный парной скрутки экранированный, сеч. 2x2x1" brand="КПСЭнг(А)–FRLS" standard="" article="" manufacturer="ООО &quot;ПожТехКабель&quot;" units="м" weight="" groupCount="2" coresCount="2" crossSectionCable="" crossSectionCore="1" />
  <Cable id="55" name="Кабель симметричный парной скрутки экранированный, сеч. 2x2x1.5" brand="КПСЭнг(А)–FRLS" standard="" article="" manufacturer="ООО &quot;ПожТехКабель&quot;" units="м" weight="" groupCount="2" coresCount="2" crossSectionCable="" crossSectionCore="1.5" />
  <Cable id="56" name="Кабель симметричный парной скрутки экранированный, сеч. 2x2x2.5" brand="КПСЭнг(А)–FRLS" standard="" article="" manufacturer="ООО &quot;ПожТехКабель&quot;" units="м" weight="" groupCount="2" coresCount="2" crossSectionCable="" crossSectionCore="2.5" />
  <Cable id="105" name="Кабель симметричный парной скрутки экранированный низкотоксичный, сеч. 1x2x0.2" brand="КПСЭнг(А)-FRLSLTx" standard="" article="" manufacturer="ООО &quot;ПожТехКабель&quot;" units="м" weight="" groupCount="1" coresCount="2" crossSectionCable="" crossSectionCore="0.2" />
  <Cable id="106" name="Кабель симметричный парной скрутки экранированный низкотоксичный, сеч. 1x2x0.35" brand="КПСЭнг(А)-FRLSLTx" standard="" article="" manufacturer="ООО &quot;ПожТехКабель&quot;" units="м" weight="" groupCount="1" coresCount="2" crossSectionCable="" crossSectionCore="0.35" />
  <Cable id="107" name="Кабель симметричный парной скрутки экранированный низкотоксичный, сеч. 1x2x0.5" brand="КПСЭнг(А)-FRLSLTx" standard="" article="" manufacturer="ООО &quot;ПожТехКабель&quot;" units="м" weight="" groupCount="1" coresCount="2" crossSectionCable="" crossSectionCore="0.5" />
  <Cable id="108" name="Кабель симметричный парной скрутки экранированный низкотоксичный, сеч. 1x2x0.75" brand="КПСЭнг(А)-FRLSLTx" standard="" article="" manufacturer="ООО &quot;ПожТехКабель&quot;" units="м" weight="" groupCount="1" coresCount="2" crossSectionCable="" crossSectionCore="0.75" />
  <Cable id="109" name="Кабель симметричный парной скрутки экранированный низкотоксичный, сеч. 1x2x1" brand="КПСЭнг(А)-FRLSLTx" standard="" article="" manufacturer="ООО &quot;ПожТехКабель&quot;" units="м" weight="" groupCount="1" coresCount="2" crossSectionCable="" crossSectionCore="1" />
  <Cable id="110" name="Кабель симметричный парной скрутки экранированный низкотоксичный, сеч. 1x2x1.5" brand="КПСЭнг(А)-FRLSLTx" standard="" article="" manufacturer="ООО &quot;ПожТехКабель&quot;" units="м" weight="" groupCount="1" coresCount="2" crossSectionCable="" crossSectionCore="1.5" />
  <Cable id="111" name="Кабель симметричный парной скрутки экранированный низкотоксичный, сеч. 2x2x0.2" brand="КПСЭнг(А)-FRLSLTx" standard="" article="" manufacturer="ООО &quot;ПожТехКабель&quot;" units="м" weight="" groupCount="2" coresCount="2" crossSectionCable="" crossSectionCore="0.2" />
  <Cable id="112" name="Кабель симметричный парной скрутки экранированный низкотоксичный, сеч. 2x2x0.35" brand="КПСЭнг(А)-FRLSLTx" standard="" article="" manufacturer="ООО &quot;ПожТехКабель&quot;" units="м" weight="" groupCount="2" coresCount="2" crossSectionCable="" crossSectionCore="0.35" />
  <Cable id="113" name="Кабель симметричный парной скрутки экранированный низкотоксичный, сеч. 2x2x0.5" brand="КПСЭнг(А)-FRLSLTx" standard="" article="" manufacturer="ООО &quot;ПожТехКабель&quot;" units="м" weight="" groupCount="2" coresCount="2" crossSectionCable="" crossSectionCore="0.5" />
  <Cable id="114" name="Кабель симметричный парной скрутки экранированный низкотоксичный, сеч. 2x2x0.75" brand="КПСЭнг(А)-FRLSLTx" standard="" article="" manufacturer="ООО &quot;ПожТехКабель&quot;" units="м" weight="" groupCount="2" coresCount="2" crossSectionCable="" crossSectionCore="0.75" />
  <Cable id="115" name="Кабель симметричный парной скрутки экранированный низкотоксичный, сеч. 2x2x1" brand="КПСЭнг(А)-FRLSLTx" standard="" article="" manufacturer="ООО &quot;ПожТехКабель&quot;" units="м" weight="" groupCount="2" coresCount="2" crossSectionCable="" crossSectionCore="1" />
  <Cable id="116" name="Кабель симметричный парной скрутки экранированный низкотоксичный, сеч. 2x2x1.5" brand="КПСЭнг(А)-FRLSLTx" standard="" article="" manufacturer="ООО &quot;ПожТехКабель&quot;" units="м" weight="" groupCount="2" coresCount="2" crossSectionCable="" crossSectionCore="1.5" />
  <Cable id="117" name="Кабель симметричный парной скрутки экранированный со слюдой низкотоксичный, сеч. 1x2x0.2" brand="КПСЭСнг(А)-FRLSLTx" standard="" article="" manufacturer="ООО &quot;ПожТехКабель&quot;" units="м" weight="" groupCount="1" coresCount="2" crossSectionCable="" crossSectionCore="0.2" />
  <Cable id="118" name="Кабель симметричный парной скрутки экранированный со слюдой низкотоксичный, сеч. 1x2x0.35" brand="КПСЭСнг(А)-FRLSLTx" standard="" article="" manufacturer="ООО &quot;ПожТехКабель&quot;" units="м" weight="" groupCount="1" coresCount="2" crossSectionCable="" crossSectionCore="0.35" />
  <Cable id="119" name="Кабель симметричный парной скрутки экранированный со слюдой низкотоксичный, сеч. 1x2x0.5" brand="КПСЭСнг(А)-FRLSLTx" standard="" article="" manufacturer="ООО &quot;ПожТехКабель&quot;" units="м" weight="" groupCount="1" coresCount="2" crossSectionCable="" crossSectionCore="0.5" />
  <Cable id="120" name="Кабель симметричный парной скрутки экранированный со слюдой низкотоксичный, сеч. 1x2x0.75" brand="КПСЭСнг(А)-FRLSLTx" standard="" article="" manufacturer="ООО &quot;ПожТехКабель&quot;" units="м" weight="" groupCount="1" coresCount="2" crossSectionCable="" crossSectionCore="0.75" />
  <Cable id="121" name="Кабель симметричный парной скрутки экранированный со слюдой низкотоксичный, сеч. 1x2x1" brand="КПСЭСнг(А)-FRLSLTx" standard="" article="" manufacturer="ООО &quot;ПожТехКабель&quot;" units="м" weight="" groupCount="1" coresCount="2" crossSectionCable="" crossSectionCore="1" />
  <Cable id="122" name="Кабель симметричный парной скрутки экранированный со слюдой низкотоксичный, сеч. 1x2x1.5" brand="КПСЭСнг(А)-FRLSLTx" standard="" article="" manufacturer="ООО &quot;ПожТехКабель&quot;" units="м" weight="" groupCount="1" coresCount="2" crossSectionCable="" crossSectionCore="1.5" />
  <Cable id="123" name="Кабель симметричный парной скрутки экранированный со слюдой низкотоксичный, сеч. 2x2x0.2" brand="КПСЭСнг(А)-FRLSLTx" standard="" article="" manufacturer="ООО &quot;ПожТехКабель&quot;" units="м" weight="" groupCount="2" coresCount="2" crossSectionCable="" crossSectionCore="0.2" />
  <Cable id="124" name="Кабель симметричный парной скрутки экранированный со слюдой низкотоксичный, сеч. 2x2x0.35" brand="КПСЭСнг(А)-FRLSLTx" standard="" article="" manufacturer="ООО &quot;ПожТехКабель&quot;" units="м" weight="" groupCount="2" coresCount="2" crossSectionCable="" crossSectionCore="0.35" />
  <Cable id="125" name="Кабель симметричный парной скрутки экранированный со слюдой низкотоксичный, сеч. 2x2x0.5" brand="КПСЭСнг(А)-FRLSLTx" standard="" article="" manufacturer="ООО &quot;ПожТехКабель&quot;" units="м" weight="" groupCount="2" coresCount="2" crossSectionCable="" crossSectionCore="0.5" />
  <Cable id="126" name="Кабель симметричный парной скрутки экранированный со слюдой низкотоксичный, сеч. 2x2x0.75" brand="КПСЭСнг(А)-FRLSLTx" standard="" article="" manufacturer="ООО &quot;ПожТехКабель&quot;" units="м" weight="" groupCount="2" coresCount="2" crossSectionCable="" crossSectionCore="0.75" />
  <Cable id="127" name="Кабель симметричный парной скрутки экранированный со слюдой низкотоксичный, сеч. 2x2x1" brand="КПСЭСнг(А)-FRLSLTx" standard="" article="" manufacturer="ООО &quot;ПожТехКабель&quot;" units="м" weight="" groupCount="2" coresCount="2" crossSectionCable="" crossSectionCore="1" />
  <Cable id="128" name="Кабель симметричный парной скрутки экранированный со слюдой низкотоксичный, сеч. 2x2x1.5" brand="КПСЭСнг(А)-FRLSLTx" standard="" article="" manufacturer="ООО &quot;ПожТехКабель&quot;" units="м" weight="" groupCount="2" coresCount="2" crossSectionCable="" crossSectionCore="1.5" />
  <Cable id="57" name="Кабель cиловой огнестойкий, сеч. 1x1.5" brand="ВВГнг(А)-FRLS" standard="" article="" manufacturer="ООО &quot;ПожТехКабель&quot;" units="м" weight="" groupCount="" coresCount="1" crossSectionCable="" crossSectionCore="1.5" />
  <Cable id="58" name="Кабель cиловой огнестойкий, сеч. 1x2.5" brand="ВВГнг(А)-FRLS" standard="" article="" manufacturer="ООО &quot;ПожТехКабель&quot;" units="м" weight="" groupCount="" coresCount="1" crossSectionCable="" crossSectionCore="2.5" />
  <Cable id="59" name="Кабель cиловой огнестойкий, сеч. 1x4" brand="ВВГнг(А)-FRLS" standard="" article="" manufacturer="ООО &quot;ПожТехКабель&quot;" units="м" weight="" groupCount="" coresCount="1" crossSectionCable="" crossSectionCore="4" />
  <Cable id="60" name="Кабель cиловой огнестойкий, сеч. 1x6" brand="ВВГнг(А)-FRLS" standard="" article="" manufacturer="ООО &quot;ПожТехКабель&quot;" units="м" weight="" groupCount="" coresCount="1" crossSectionCable="" crossSectionCore="6" />
  <Cable id="61" name="Кабель cиловой огнестойкий, сеч. 2x1.5" brand="ВВГнг(А)-FRLS" standard="" article="" manufacturer="ООО &quot;ПожТехКабель&quot;" units="м" weight="" groupCount="" coresCount="2" crossSectionCable="" crossSectionCore="1.5" />
  <Cable id="62" name="Кабель cиловой огнестойкий, сеч. 2x2.5" brand="ВВГнг(А)-FRLS" standard="" article="" manufacturer="ООО &quot;ПожТехКабель&quot;" units="м" weight="" groupCount="" coresCount="2" crossSectionCable="" crossSectionCore="2.5" />
  <Cable id="63" name="Кабель cиловой огнестойкий, сеч. 2x4" brand="ВВГнг(А)-FRLS" standard="" article="" manufacturer="ООО &quot;ПожТехКабель&quot;" units="м" weight="" groupCount="" coresCount="2" crossSectionCable="" crossSectionCore="4" />
  <Cable id="64" name="Кабель cиловой огнестойкий, сеч. 2x6" brand="ВВГнг(А)-FRLS" standard="" article="" manufacturer="ООО &quot;ПожТехКабель&quot;" units="м" weight="" groupCount="" coresCount="2" crossSectionCable="" crossSectionCore="6" />
  <Cable id="65" name="Кабель cиловой огнестойкий, сеч. 3x1.5" brand="ВВГнг(А)-FRLS" standard="" article="" manufacturer="ООО &quot;ПожТехКабель&quot;" units="м" weight="" groupCount="" coresCount="3" crossSectionCable="" crossSectionCore="1.5" />
  <Cable id="66" name="Кабель cиловой огнестойкий, сеч. 3x2.5" brand="ВВГнг(А)-FRLS" standard="" article="" manufacturer="ООО &quot;ПожТехКабель&quot;" units="м" weight="" groupCount="" coresCount="3" crossSectionCable="" crossSectionCore="2.5" />
  <Cable id="67" name="Кабель cиловой огнестойкий, сеч. 3x4" brand="ВВГнг(А)-FRLS" standard="" article="" manufacturer="ООО &quot;ПожТехКабель&quot;" units="м" weight="" groupCount="" coresCount="3" crossSectionCable="" crossSectionCore="4" />
  <Cable id="68" name="Кабель cиловой огнестойкий, сеч. 3x6" brand="ВВГнг(А)-FRLS" standard="" article="" manufacturer="ООО &quot;ПожТехКабель&quot;" units="м" weight="" groupCount="" coresCount="3" crossSectionCable="" crossSectionCore="6" />
  <Cable id="69" name="Кабель cиловой огнестойкий, сеч. 4x1.5" brand="ВВГнг(А)-FRLS" standard="" article="" manufacturer="ООО &quot;ПожТехКабель&quot;" units="м" weight="" groupCount="" coresCount="4" crossSectionCable="" crossSectionCore="1.5" />
  <Cable id="70" name="Кабель cиловой огнестойкий, сеч. 4x2.5" brand="ВВГнг(А)-FRLS" standard="" article="" manufacturer="ООО &quot;ПожТехКабель&quot;" units="м" weight="" groupCount="" coresCount="4" crossSectionCable="" crossSectionCore="2.5" />
  <Cable id="71" name="Кабель cиловой огнестойкий, сеч. 4x4" brand="ВВГнг(А)-FRLS" standard="" article="" manufacturer="ООО &quot;ПожТехКабель&quot;" units="м" weight="" groupCount="" coresCount="4" crossSectionCable="" crossSectionCore="4" />
  <Cable id="72" name="Кабель cиловой огнестойкий, сеч. 4x6" brand="ВВГнг(А)-FRLS" standard="" article="" manufacturer="ООО &quot;ПожТехКабель&quot;" units="м" weight="" groupCount="" coresCount="4" crossSectionCable="" crossSectionCore="6" />
  <Cable id="129" name="Кабель cиловой огнестойкий низкотоксичный, сеч. 3x1.5" brand="ВВГнг(А)-FRLSLTx" standard="" article="" manufacturer="ООО &quot;ПожТехКабель&quot;" units="м" weight="" groupCount="" coresCount="3" crossSectionCable="" crossSectionCore="1.5" />
  <Cable id="130" name="Кабель cиловой огнестойкий низкотоксичный, сеч. 3x2.5" brand="ВВГнг(А)-FRLSLTx" standard="" article="" manufacturer="ООО &quot;ПожТехКабель&quot;" units="м" weight="" groupCount="" coresCount="3" crossSectionCable="" crossSectionCore="2.5" />
  <Cable id="131" name="Кабель cиловой огнестойкий низкотоксичный, сеч. 3x4" brand="ВВГнг(А)-FRLSLTx" standard="" article="" manufacturer="ООО &quot;ПожТехКабель&quot;" units="м" weight="" groupCount="" coresCount="3" crossSectionCable="" crossSectionCore="4" />
  <Cable id="132" name="Кабель cиловой огнестойкий низкотоксичный, сеч. 3x6" brand="ВВГнг(А)-FRLSLTx" standard="" article="" manufacturer="ООО &quot;ПожТехКабель&quot;" units="м" weight="" groupCount="" coresCount="3" crossSectionCable="" crossSectionCore="6" />
  <Cable id="133" name="Кабель cиловой огнестойкий низкотоксичный, сеч. 3x10" brand="ВВГнг(А)-FRLSLTx" standard="" article="" manufacturer="ООО &quot;ПожТехКабель&quot;" units="м" weight="" groupCount="" coresCount="3" crossSectionCable="" crossSectionCore="10" />
  <Cable id="134" name="Кабель cиловой огнестойкий низкотоксичный, сеч. 3x16" brand="ВВГнг(А)-FRLSLTx" standard="" article="" manufacturer="ООО &quot;ПожТехКабель&quot;" units="м" weight="" groupCount="" coresCount="3" crossSectionCable="" crossSectionCore="16" />
  <Cable id="135" name="Кабель cиловой огнестойкий низкотоксичный, сеч. 4x1.5" brand="ВВГнг(А)-FRLSLTx" standard="" article="" manufacturer="ООО &quot;ПожТехКабель&quot;" units="м" weight="" groupCount="" coresCount="4" crossSectionCable="" crossSectionCore="1.5" />
  <Cable id="136" name="Кабель cиловой огнестойкий низкотоксичный, сеч. 4x2.5" brand="ВВГнг(А)-FRLSLTx" standard="" article="" manufacturer="ООО &quot;ПожТехКабель&quot;" units="м" weight="" groupCount="" coresCount="4" crossSectionCable="" crossSectionCore="2.5" />
  <Cable id="137" name="Кабель cиловой огнестойкий низкотоксичный, сеч. 4x4" brand="ВВГнг(А)-FRLSLTx" standard="" article="" manufacturer="ООО &quot;ПожТехКабель&quot;" units="м" weight="" groupCount="" coresCount="4" crossSectionCable="" crossSectionCore="4" />
  <Cable id="138" name="Кабель cиловой огнестойкий низкотоксичный, сеч. 4x6" brand="ВВГнг(А)-FRLSLTx" standard="" article="" manufacturer="ООО &quot;ПожТехКабель&quot;" units="м" weight="" groupCount="" coresCount="4" crossSectionCable="" crossSectionCore="6" />
  <Cable id="139" name="Кабель cиловой огнестойкий низкотоксичный, сеч. 4x10" brand="ВВГнг(А)-FRLSLTx" standard="" article="" manufacturer="ООО &quot;ПожТехКабель&quot;" units="м" weight="" groupCount="" coresCount="4" crossSectionCable="" crossSectionCore="10" />
  <Cable id="140" name="Кабель cиловой огнестойкий низкотоксичный, сеч. 4x16" brand="ВВГнг(А)-FRLSLTx" standard="" article="" manufacturer="ООО &quot;ПожТехКабель&quot;" units="м" weight="" groupCount="" coresCount="4" crossSectionCable="" crossSectionCore="16" />
  <Cable id="141" name="Кабель cиловой огнестойкий низкотоксичный, сеч. 5x1.5" brand="ВВГнг(А)-FRLSLTx" standard="" article="" manufacturer="ООО &quot;ПожТехКабель&quot;" units="м" weight="" groupCount="" coresCount="5" crossSectionCable="" crossSectionCore="1.5" />
  <Cable id="142" name="Кабель cиловой огнестойкий низкотоксичный, сеч. 5x2.5" brand="ВВГнг(А)-FRLSLTx" standard="" article="" manufacturer="ООО &quot;ПожТехКабель&quot;" units="м" weight="" groupCount="" coresCount="5" crossSectionCable="" crossSectionCore="2.5" />
  <Cable id="143" name="Кабель cиловой огнестойкий низкотоксичный, сеч. 5x4" brand="ВВГнг(А)-FRLSLTx" standard="" article="" manufacturer="ООО &quot;ПожТехКабель&quot;" units="м" weight="" groupCount="" coresCount="5" crossSectionCable="" crossSectionCore="4" />
  <Cable id="144" name="Кабель cиловой огнестойкий низкотоксичный, сеч. 5x6" brand="ВВГнг(А)-FRLSLTx" standard="" article="" manufacturer="ООО &quot;ПожТехКабель&quot;" units="м" weight="" groupCount="" coresCount="5" crossSectionCable="" crossSectionCore="6" />
  <Cable id="145" name="Кабель cиловой огнестойкий низкотоксичный, сеч. 5x10" brand="ВВГнг(А)-FRLSLTx" standard="" article="" manufacturer="ООО &quot;ПожТехКабель&quot;" units="м" weight="" groupCount="" coresCount="5" crossSectionCable="" crossSectionCore="10" />
  <Cable id="146" name="Кабель cиловой огнестойкий низкотоксичный, сеч. 5x16" brand="ВВГнг(А)-FRLSLTx" standard="" article="" manufacturer="ООО &quot;ПожТехКабель&quot;" units="м" weight="" groupCount="" coresCount="5" crossSectionCable="" crossSectionCore="16" />
  <Cable id="1" name="Кабель симметричный парной скрутки, сеч. 1x2x0.2" brand="КПСнг(А)–FRHF" standard="" article="" manufacturer="ООО &quot;ПожТехКабель&quot;" units="м" weight="" groupCount="1" coresCount="2" crossSectionCable="" crossSectionCore="0.2" />
  <Cable id="2" name="Кабель симметричный парной скрутки, сеч. 1x2x0.35" brand="КПСнг(А)–FRHF" standard="" article="" manufacturer="ООО &quot;ПожТехКабель&quot;" units="м" weight="" groupCount="1" coresCount="2" crossSectionCable="" crossSectionCore="0.35" />
  <Cable id="3" name="Кабель симметричный парной скрутки, сеч. 1x2x0.5" brand="КПСнг(А)–FRHF" standard="" article="" manufacturer="ООО &quot;ПожТехКабель&quot;" units="м" weight="" groupCount="1" coresCount="2" crossSectionCable="" crossSectionCore="0.5" />
  <Cable id="4" name="Кабель симметричный парной скрутки, сеч. 1x2x0.75" brand="КПСнг(А)–FRHF" standard="" article="" manufacturer="ООО &quot;ПожТехКабель&quot;" units="м" weight="" groupCount="1" coresCount="2" crossSectionCable="" crossSectionCore="0.75" />
  <Cable id="5" name="Кабель симметричный парной скрутки, сеч. 1x2x1" brand="КПСнг(А)–FRHF" standard="" article="" manufacturer="ООО &quot;ПожТехКабель&quot;" units="м" weight="" groupCount="1" coresCount="2" crossSectionCable="" crossSectionCore="1" />
  <Cable id="6" name="Кабель симметричный парной скрутки, сеч. 1x2x1.5" brand="КПСнг(А)–FRHF" standard="" article="" manufacturer="ООО &quot;ПожТехКабель&quot;" units="м" weight="" groupCount="1" coresCount="2" crossSectionCable="" crossSectionCore="1.5" />
  <Cable id="7" name="Кабель симметричный парной скрутки, сеч. 1x2x2.5" brand="КПСнг(А)–FRHF" standard="" article="" manufacturer="ООО &quot;ПожТехКабель&quot;" units="м" weight="" groupCount="1" coresCount="2" crossSectionCable="" crossSectionCore="2.5" />
  <Cable id="8" name="Кабель симметричный парной скрутки, сеч. 2x2x0.2" brand="КПСнг(А)–FRHF" standard="" article="" manufacturer="ООО &quot;ПожТехКабель&quot;" units="м" weight="" groupCount="2" coresCount="2" crossSectionCable="" crossSectionCore="0.2" />
  <Cable id="9" name="Кабель симметричный парной скрутки, сеч. 2x2x0.35" brand="КПСнг(А)–FRHF" standard="" article="" manufacturer="ООО &quot;ПожТехКабель&quot;" units="м" weight="" groupCount="2" coresCount="2" crossSectionCable="" crossSectionCore="0.35" />
  <Cable id="10" name="Кабель симметричный парной скрутки, сеч. 2x2x0.5" brand="КПСнг(А)–FRHF" standard="" article="" manufacturer="ООО &quot;ПожТехКабель&quot;" units="м" weight="" groupCount="2" coresCount="2" crossSectionCable="" crossSectionCore="0.5" />
  <Cable id="11" name="Кабель симметричный парной скрутки, сеч. 2x2x0.75" brand="КПСнг(А)–FRHF" standard="" article="" manufacturer="ООО &quot;ПожТехКабель&quot;" units="м" weight="" groupCount="2" coresCount="2" crossSectionCable="" crossSectionCore="0.75" />
  <Cable id="12" name="Кабель симметричный парной скрутки, сеч. 2x2x1" brand="КПСнг(А)–FRHF" standard="" article="" manufacturer="ООО &quot;ПожТехКабель&quot;" units="м" weight="" groupCount="2" coresCount="2" crossSectionCable="" crossSectionCore="1" />
  <Cable id="13" name="Кабель симметричный парной скрутки, сеч. 2x2x1.5" brand="КПСнг(А)–FRHF" standard="" article="" manufacturer="ООО &quot;ПожТехКабель&quot;" units="м" weight="" groupCount="2" coresCount="2" crossSectionCable="" crossSectionCore="1.5" />
  <Cable id="14" name="Кабель симметричный парной скрутки, сеч. 2x2x2.5" brand="КПСнг(А)–FRHF" standard="" article="" manufacturer="ООО &quot;ПожТехКабель&quot;" units="м" weight="" groupCount="2" coresCount="2" crossSectionCable="" crossSectionCore="2.5" />
  <Cable id="15" name="Кабель симметричный парной скрутки экранированный, сеч. 1x2x0.2" brand="КПСЭнг(А)–FRHF" standard="" article="" manufacturer="ООО &quot;ПожТехКабель&quot;" units="м" weight="" groupCount="1" coresCount="2" crossSectionCable="" crossSectionCore="0.2" />
  <Cable id="16" name="Кабель симметричный парной скрутки экранированный, сеч. 1x2x0.35" brand="КПСЭнг(А)–FRHF" standard="" article="" manufacturer="ООО &quot;ПожТехКабель&quot;" units="м" weight="" groupCount="1" coresCount="2" crossSectionCable="" crossSectionCore="0.35" />
  <Cable id="17" name="Кабель симметричный парной скрутки экранированный, сеч. 1x2x0.5" brand="КПСЭнг(А)–FRHF" standard="" article="" manufacturer="ООО &quot;ПожТехКабель&quot;" units="м" weight="" groupCount="1" coresCount="2" crossSectionCable="" crossSectionCore="0.5" />
  <Cable id="18" name="Кабель симметричный парной скрутки экранированный, сеч. 1x2x0.75" brand="КПСЭнг(А)–FRHF" standard="" article="" manufacturer="ООО &quot;ПожТехКабель&quot;" units="м" weight="" groupCount="1" coresCount="2" crossSectionCable="" crossSectionCore="0.75" />
  <Cable id="19" name="Кабель симметричный парной скрутки экранированный, сеч. 1x2x1" brand="КПСЭнг(А)–FRHF" standard="" article="" manufacturer="ООО &quot;ПожТехКабель&quot;" units="м" weight="" groupCount="1" coresCount="2" crossSectionCable="" crossSectionCore="1" />
  <Cable id="20" name="Кабель симметричный парной скрутки экранированный, сеч. 1x2x1.5" brand="КПСЭнг(А)–FRHF" standard="" article="" manufacturer="ООО &quot;ПожТехКабель&quot;" units="м" weight="" groupCount="1" coresCount="2" crossSectionCable="" crossSectionCore="1.5" />
  <Cable id="21" name="Кабель симметричный парной скрутки экранированный, сеч. 1x2x2.5" brand="КПСЭнг(А)–FRHF" standard="" article="" manufacturer="ООО &quot;ПожТехКабель&quot;" units="м" weight="" groupCount="1" coresCount="2" crossSectionCable="" crossSectionCore="2.5" />
  <Cable id="22" name="Кабель симметричный парной скрутки экранированный, сеч. 2x2x0.2" brand="КПСЭнг(А)–FRHF" standard="" article="" manufacturer="ООО &quot;ПожТехКабель&quot;" units="м" weight="" groupCount="2" coresCount="2" crossSectionCable="" crossSectionCore="0.2" />
  <Cable id="23" name="Кабель симметричный парной скрутки экранированный, сеч. 2x2x0.35" brand="КПСЭнг(А)–FRHF" standard="" article="" manufacturer="ООО &quot;ПожТехКабель&quot;" units="м" weight="" groupCount="2" coresCount="2" crossSectionCable="" crossSectionCore="0.35" />
  <Cable id="24" name="Кабель симметричный парной скрутки экранированный, сеч. 2x2x0.5" brand="КПСЭнг(А)–FRHF" standard="" article="" manufacturer="ООО &quot;ПожТехКабель&quot;" units="м" weight="" groupCount="2" coresCount="2" crossSectionCable="" crossSectionCore="0.5" />
  <Cable id="25" name="Кабель симметричный парной скрутки экранированный, сеч. 2x2x0.75" brand="КПСЭнг(А)–FRHF" standard="" article="" manufacturer="ООО &quot;ПожТехКабель&quot;" units="м" weight="" groupCount="2" coresCount="2" crossSectionCable="" crossSectionCore="0.75" />
  <Cable id="26" name="Кабель симметричный парной скрутки экранированный, сеч. 2x2x1" brand="КПСЭнг(А)–FRHF" standard="" article="" manufacturer="ООО &quot;ПожТехКабель&quot;" units="м" weight="" groupCount="2" coresCount="2" crossSectionCable="" crossSectionCore="1" />
  <Cable id="27" name="Кабель симметричный парной скрутки экранированный, сеч. 2x2x1.5" brand="КПСЭнг(А)–FRHF" standard="" article="" manufacturer="ООО &quot;ПожТехКабель&quot;" units="м" weight="" groupCount="2" coresCount="2" crossSectionCable="" crossSectionCore="1.5" />
  <Cable id="28" name="Кабель симметричный парной скрутки экранированный, сеч. 2x2x2.5" brand="КПСЭнг(А)–FRHF" standard="" article="" manufacturer="ООО &quot;ПожТехКабель&quot;" units="м" weight="" groupCount="2" coresCount="2" crossSectionCable="" crossSectionCore="2.5" />
  <Cable id="73" name="Кабель связи симметричный, сеч. 2x2x0.51" brand="PTK-LAN U/UTP Cat 5e PVC" standard="ГОСТ Р 54429-2011" article="" manufacturer="ООО &quot;ПожТехКабель&quot;" units="м" weight="" groupCount="2" coresCount="2" crossSectionCable="" crossSectionCore="0.51" />
  <Cable id="74" name="Кабель связи симметричный, сеч. 2x2x0.51" brand="PTK-LAN U/UTP Cat 5e PE" standard="ГОСТ Р 54429-2011" article="" manufacturer="ООО &quot;ПожТехКабель&quot;" units="м" weight="" groupCount="2" coresCount="2" crossSectionCable="" crossSectionCore="0.51" />
  <Cable id="75" name="Кабель связи симметричный, сеч. 4x2x0.51" brand="PTK-LAN U/UTP Cat 5e PVC" standard="ГОСТ Р 54429-2011" article="" manufacturer="ООО &quot;ПожТехКабель&quot;" units="м" weight="" groupCount="4" coresCount="2" crossSectionCable="" crossSectionCore="0.51" />
  <Cable id="76" name="Кабель связи симметричный, сеч. 4x2x0.51" brand="PTK-LAN U/UTP Cat 5e PE" standard="ГОСТ Р 54429-2011" article="" manufacturer="ООО &quot;ПожТехКабель&quot;" units="м" weight="" groupCount="4" coresCount="2" crossSectionCable="" crossSectionCore="0.51" />
  <Cable id="77" name="Кабель связи симметричный, сеч. 2x2x0.51" brand="PTK-LAN F/UTP Cat 5e PVC" standard="ГОСТ Р 54429-2011" article="" manufacturer="ООО &quot;ПожТехКабель&quot;" units="м" weight="" groupCount="2" coresCount="2" crossSectionCable="" crossSectionCore="0.51" />
  <Cable id="78" name="Кабель связи симметричный, сеч. 2x2x0.51" brand="PTK-LAN F/UTP Cat 5e PE" standard="ГОСТ Р 54429-2011" article="" manufacturer="ООО &quot;ПожТехКабель&quot;" units="м" weight="" groupCount="2" coresCount="2" crossSectionCable="" crossSectionCore="0.51" />
  <Cable id="79" name="Кабель связи симметричный, сеч. 4x2x0.51" brand="PTK-LAN F/UTP Cat 5e PVC" standard="ГОСТ Р 54429-2011" article="" manufacturer="ООО &quot;ПожТехКабель&quot;" units="м" weight="" groupCount="4" coresCount="2" crossSectionCable="" crossSectionCore="0.51" />
  <Cable id="80" name="Кабель связи симметричный, сеч. 4x2x0.51" brand="PTK-LAN F/UTP Cat 5e PE" standard="ГОСТ Р 54429-2011" article="" manufacturer="ООО &quot;ПожТехКабель&quot;" units="м" weight="" groupCount="4" coresCount="2" crossSectionCable="" crossSectionCore="0.51" />
</Cables>