<?xml version="1.0"?>
<FavoriteAndLastInserted xmlns:xsi="http://www.w3.org/2001/XMLSchema-instance" xmlns:xsd="http://www.w3.org/2001/XMLSchema">
  <LastInsertedItemArticle>RBZ-337602</LastInsertedItemArticle>
  <FavoriteEquipmentArticles />
  <LastEquipment>
    <SerializableItem>
      <Article>RBZ-337602</Article>
      <MountingHeight>2</MountingHeight>
      <CableHeight>3</CableHeight>
      <Power>0</Power>
      <BgNoise>0</BgNoise>
      <SplReserve>0</SplReserve>
      <InsertTime>2022-07-28T23:45:00.5877634+03:00</InsertTime>
      <CustomDescr />
      <IsEnableCustomDescr>false</IsEnableCustomDescr>
    </SerializableItem>
    <SerializableItem>
      <Article>RBZ-084368</Article>
      <MountingHeight>1.5</MountingHeight>
      <CableHeight>1.5</CableHeight>
      <Power>0</Power>
      <BgNoise>0</BgNoise>
      <SplReserve>0</SplReserve>
      <InsertTime>2022-07-28T23:38:09.3905858+03:00</InsertTime>
      <CustomDescr />
      <IsEnableCustomDescr>false</IsEnableCustomDescr>
    </SerializableItem>
    <SerializableItem>
      <Article>RBZ-337473</Article>
      <MountingHeight>2</MountingHeight>
      <CableHeight>30</CableHeight>
      <Power>0</Power>
      <BgNoise>0</BgNoise>
      <SplReserve>0</SplReserve>
      <InsertTime>2022-07-27T21:02:01.8398384+03:00</InsertTime>
      <CustomDescr />
      <IsEnableCustomDescr>false</IsEnableCustomDescr>
    </SerializableItem>
    <SerializableItem>
      <Article>RBZ-092565</Article>
      <MountingHeight>1.5</MountingHeight>
      <CableHeight>1.5</CableHeight>
      <Power>0</Power>
      <BgNoise>0</BgNoise>
      <SplReserve>0</SplReserve>
      <InsertTime>2022-07-27T21:01:43.6005087+03:00</InsertTime>
      <CustomDescr />
      <IsEnableCustomDescr>false</IsEnableCustomDescr>
    </SerializableItem>
  </LastEquipment>
</FavoriteAndLastInserted>